景点,景点热度,图片链接
,,
韩国丽水,962人去过,https://pic.qyer.com/album/10c/62/2026105/index/cover
,,
江陵,951人去过,https://pic.qyer.com/album/user/419/9/RUhcQhMDYQ/index/cover
,,
正东津,602人去过,https://pic.qyer.com/album/user/1095/23/QElcRxgEZkA/index/cover
,,
清州市,590人去过,https://pic.qyer.com/album/user/1159/30/QEhQSxkHZEw/index/cover
,,
安东,533人去过,https://pic.qyer.com/album/user/414/95/RUhRSx8HYA/index/cover
,,
蔚山,449人去过,https://pic.qyer.com/album/user/819/93/SUhcSxkDYA/index/cover
,,
木浦,342人去过,https://pic.qyer.com/album/user/255/19/Q0xQQxMEYg/index/cover
,,
天安市,298人去过,https://pic.qyer.com/album/user/1983/2/QEBdQRoFZkg/index/cover
,,
浦项市,167人去过,https://pic.qyer.com/album/user/3400/27/Qk1VQhgAZk0/index/cover
,,
牙山,137人去过,https://pic.qyer.com/album/user/676/25/R05TQB8AYw/index/cover
,,
江村,136人去过,https://pic.qyer.com/album/user/3413/70/Qk1UQR0HZk0/index/cover
,,
忠州,133人去过,https://pic.qyer.com/album/user/1249/52/QEtRSx8FZUk/index/cover
,,
晋州,126人去过,https://pic.qyer.com/album/user/719/22/RkhcQBgAYw/index/cover
,,
三陟,81人去过,https://pic.qyer.com/album/user/813/83/SUhWShkDYQ/index/cover
,,
郁陵岛,46人去过,https://pic.qyer.com/album/144/a1/2026195/index/cover
,,
景点,景点热度,图片链接
,,
九里市,26人去过,https://static.qyer.com/images/place/no/poi_200_133.png
,,
井邑,16人去过,https://pic.qyer.com/album/user/2036/63/Q0lWRBwEaUA/index/cover
,,
金堤市,9人去过,https://pic.qyer.com/album/user/3617/60/Qk9URRwHYU0/index/cover
,,
加平郡,2人去过,https://pic.qyer.com/album/user/3627/22/Qk9XRRgFY00/index/cover
,,
原州市,1人去过,https://pic.qyer.com/album/user/3626/17/Qk9XRBsAZE0/index/cover
,,
咸阳郡,0人去过,https://static.qyer.com/images/place/no/poi_200_133.png
,,
居昌郡,0人去过,https://pic.qyer.com/album/user/3628/95/Qk9XShMCYko/index/cover
,,
光阳市,0人去过,https://pic.qyer.com/album/user/3628/93/Qk9XShMEaE8/index/cover
,,
涟川郡,0人去过,https://static.qyer.com/images/place/no/poi_200_133.png
,,
安养市,0人去过,https://static.qyer.com/images/place/no/poi_200_133.png
,,
奉化郡,0人去过,https://pic.qyer.com/album/user/3628/95/Qk9XShMCYkA/index/cover
,,
盈德郡,0人去过,https://static.qyer.com/images/place/no/poi_200_133.png
,,
罗州市,0人去过,https://pic.qyer.com/album/user/3629/5/Qk9XSxoCYEw/index/cover
,,
密阳市,0人去过,https://static.qyer.com/images/place/no/poi_200_133.png
,,
永川市,0人去过,https://pic.qyer.com/album/user/3629/5/Qk9XSxoCYUs/index/cover
,,
景点,景点热度,图片链接
,,
唐津市,0人去过,https://pic.qyer.com/album/user/3629/7/Qk9XSxoAZEk/index/cover
,,
果川市,0人去过,https://pic.qyer.com/album/user/3629/88/Qk9XSxIPZEs/index/cover
,,
益山市,0人去过,https://pic.qyer.com/album/user/3630/25/Qk9WQhgCZEs/index/cover
,,
安山市,0人去过,https://pic.qyer.com/album/user/3628/75/Qk9XSh0CZkA/index/cover
,,
杨州,0人去过,https://pic.qyer.com/album/user/3628/75/Qk9XSh0CZk8/index/cover
,,
,0人去过,https://pic.qyer.com/album/user/3628/75/Qk9XSh0CZk4/index/cover
,,
梁山市,0人去过,https://pic.qyer.com/album/user/3627/32/Qk9XRRkFaU4/index/cover
,,
河东郡,0人去过,https://pic.qyer.com/album/user/3628/37/Qk9XShkAYko/index/cover
,,
咸平郡,0人去过,https://pic.qyer.com/album/user/3628/37/Qk9XShkAYks/index/cover
,,
公州市,0人去过,https://pic.qyer.com/album/user/3628/37/Qk9XShkAYkw/index/cover
,,
潭阳郡,0人去过,https://pic.qyer.com/album/user/3628/37/Qk9XShkAYk8/index/cover
,,
莞岛郡,0人去过,https://pic.qyer.com/album/user/3628/37/Qk9XShkAYkA/index/cover
,,
高敞郡,0人去过,https://pic.qyer.com/album/user/3628/73/Qk9XSh0EZkw/index/cover
,,
龙仁市,0人去过,https://pic.qyer.com/album/user/3628/75/Qk9XSh0CZkg/index/cover
,,
东豆川市,0人去过,https://pic.qyer.com/album/user/3628/75/Qk9XSh0CZkk/index/cover
,,
景点,景点热度,图片链接
,,
富川市,0人去过,https://pic.qyer.com/album/user/3628/75/Qk9XSh0CZko/index/cover
,,
利川市,0人去过,https://pic.qyer.com/album/user/3615/28/Qk9URxgPZE4/index/cover
,,
安城市,0人去过,https://static.qyer.com/images/place/no/poi_200_133.png
,,
南杨州市,0人去过,https://pic.qyer.com/album/user/3698/43/Qk9cSh4EYkg/index/cover
,,
乌山,0人去过,https://pic.qyer.com/album/user/3628/75/Qk9XSh0CZk0/index/cover
,,
光明,0人去过,https://pic.qyer.com/album/user/3694/27/Qk9cRhgAYUA/index/cover
,,
镇安郡,0人去过,https://pic.qyer.com/album/user/3630/26/Qk9WQhgBYko/index/cover
,,
庆山市,0人去过,https://pic.qyer.com/album/user/3630/42/Qk9WQh4FYUk/index/cover
,,
槐山郡,0人去过,https://static.qyer.com/images/place/no/poi_200_133.png
,,
燕岐郡,0人去过,https://static.qyer.com/images/place/no/poi_200_133.png
,,
永同郡,0人去过,https://pic.qyer.com/album/user/3630/42/Qk9WQh4FYU8/index/cover
,,
沃川郡,0人去过,https://pic.qyer.com/album/user/3630/42/Qk9WQh4FYkg/index/cover
,,
新安郡,0人去过,https://pic.qyer.com/album/user/3630/42/Qk9WQh4FYkk/index/cover
,,
醴泉,0人去过,https://static.qyer.com/images/place/no/poi_200_133.png
,,
任实郡,0人去过,https://static.qyer.com/images/place/no/poi_200_133.png
,,
景点,景点热度,图片链接
,,
首尔,116419人去过,https://pic.qyer.com/album/user/211/34/Q0hUQR4OZQ/index/cover
,,
济州岛,34260人去过,https://pic.qyer.com/album/145/eb/952664/index/cover
,,
济州市,26638人去过,https://pic.qyer.com/album/user/569/5/RE9cQh8DZA/index/cover
,,
釜山,19628人去过,https://pic.qyer.com/album/user/211/35/Q0hUQR8HYw/index/cover
,,
仁川,14440人去过,https://pic.qyer.com/album/user/1035/76/QElWRx0BaEo/index/cover
,,
西归浦,6737人去过,https://pic.qyer.com/album/user/511/85/REhUSh8AZQ/index/cover
,,
江原道,2934人去过,https://pic.qyer.com/album/user/525/73/REtQRRkOaQ/index/cover
,,
庆州,2876人去过,https://pic.qyer.com/album/10e/57/2055863/index/cover
,,
春川,2467人去过,https://pic.qyer.com/album/1ac/49/2027532/index/cover
,,
大邱,2142人去过,https://pic.qyer.com/album/user/525/67/REtQRB0HYA/index/cover
,,
全州,1420人去过,https://pic.qyer.com/album/1f8/3a/714477/index/cover
,,
光州,1296人去过,https://pic.qyer.com/album/user/714/66/RkhRRBwHaQ/index/cover
,,
大田,1082人去过,https://pic.qyer.com/album/user/521/55/REtURx8EZA/index/cover
,,
水原市,1036人去过,https://pic.qyer.com/album/user/770/82/Rk5VShgEYA/index/cover
,,
束草,1026人去过,https://pic.qyer.com/album/user/446/32/RU1TQRgAZw/index/cover
,,
景点,景点热度,图片链接
,,
韩国丽水,962人去过,https://pic.qyer.com/album/10c/62/2026105/index/cover
,,
江陵,951人去过,https://pic.qyer.com/album/user/419/9/RUhcQhMDYQ/index/cover
,,
正东津,602人去过,https://pic.qyer.com/album/user/1095/23/QElcRxgEZkA/index/cover
,,
清州市,590人去过,https://pic.qyer.com/album/user/1159/30/QEhQSxkHZEw/index/cover
,,
安东,533人去过,https://pic.qyer.com/album/user/414/95/RUhRSx8HYA/index/cover
,,
蔚山,449人去过,https://pic.qyer.com/album/user/819/93/SUhcSxkDYA/index/cover
,,
木浦,342人去过,https://pic.qyer.com/album/user/255/19/Q0xQQxMEYg/index/cover
,,
天安市,298人去过,https://pic.qyer.com/album/user/1983/2/QEBdQRoFZkg/index/cover
,,
浦项市,167人去过,https://pic.qyer.com/album/user/3400/27/Qk1VQhgAZk0/index/cover
,,
牙山,137人去过,https://pic.qyer.com/album/user/676/25/R05TQB8AYw/index/cover
,,
江村,136人去过,https://pic.qyer.com/album/user/3413/70/Qk1UQR0HZk0/index/cover
,,
忠州,133人去过,https://pic.qyer.com/album/user/1249/52/QEtRSx8FZUk/index/cover
,,
晋州,126人去过,https://pic.qyer.com/album/user/719/22/RkhcQBgAYw/index/cover
,,
三陟,81人去过,https://pic.qyer.com/album/user/813/83/SUhWShkDYQ/index/cover
,,
郁陵岛,46人去过,https://pic.qyer.com/album/144/a1/2026195/index/cover
,,
景点,景点热度,图片链接
,,
九里市,26人去过,https://static.qyer.com/images/place/no/poi_200_133.png
,,
井邑,16人去过,https://pic.qyer.com/album/user/2036/63/Q0lWRBwEaUA/index/cover
,,
金堤市,9人去过,https://pic.qyer.com/album/user/3617/60/Qk9URRwHYU0/index/cover
,,
加平郡,2人去过,https://pic.qyer.com/album/user/3627/22/Qk9XRRgFY00/index/cover
,,
原州市,1人去过,https://pic.qyer.com/album/user/3626/17/Qk9XRBsAZE0/index/cover
,,
咸阳郡,0人去过,https://static.qyer.com/images/place/no/poi_200_133.png
,,
居昌郡,0人去过,https://pic.qyer.com/album/user/3628/95/Qk9XShMCYko/index/cover
,,
光阳市,0人去过,https://pic.qyer.com/album/user/3628/93/Qk9XShMEaE8/index/cover
,,
涟川郡,0人去过,https://static.qyer.com/images/place/no/poi_200_133.png
,,
安养市,0人去过,https://static.qyer.com/images/place/no/poi_200_133.png
,,
奉化郡,0人去过,https://pic.qyer.com/album/user/3628/95/Qk9XShMCYkA/index/cover
,,
盈德郡,0人去过,https://static.qyer.com/images/place/no/poi_200_133.png
,,
罗州市,0人去过,https://pic.qyer.com/album/user/3629/5/Qk9XSxoCYEw/index/cover
,,
密阳市,0人去过,https://static.qyer.com/images/place/no/poi_200_133.png
,,
永川市,0人去过,https://pic.qyer.com/album/user/3629/5/Qk9XSxoCYUs/index/cover
,,
景点,景点热度,图片链接
,,
唐津市,0人去过,https://pic.qyer.com/album/user/3629/7/Qk9XSxoAZEk/index/cover
,,
果川市,0人去过,https://pic.qyer.com/album/user/3629/88/Qk9XSxIPZEs/index/cover
,,
益山市,0人去过,https://pic.qyer.com/album/user/3630/25/Qk9WQhgCZEs/index/cover
,,
安山市,0人去过,https://pic.qyer.com/album/user/3628/75/Qk9XSh0CZkA/index/cover
,,
杨州,0人去过,https://pic.qyer.com/album/user/3628/75/Qk9XSh0CZk8/index/cover
,,
,0人去过,https://pic.qyer.com/album/user/3628/75/Qk9XSh0CZk4/index/cover
,,
梁山市,0人去过,https://pic.qyer.com/album/user/3627/32/Qk9XRRkFaU4/index/cover
,,
河东郡,0人去过,https://pic.qyer.com/album/user/3628/37/Qk9XShkAYko/index/cover
,,
咸平郡,0人去过,https://pic.qyer.com/album/user/3628/37/Qk9XShkAYks/index/cover
,,
公州市,0人去过,https://pic.qyer.com/album/user/3628/37/Qk9XShkAYkw/index/cover
,,
潭阳郡,0人去过,https://pic.qyer.com/album/user/3628/37/Qk9XShkAYk8/index/cover
,,
莞岛郡,0人去过,https://pic.qyer.com/album/user/3628/37/Qk9XShkAYkA/index/cover
,,
高敞郡,0人去过,https://pic.qyer.com/album/user/3628/73/Qk9XSh0EZkw/index/cover
,,
龙仁市,0人去过,https://pic.qyer.com/album/user/3628/75/Qk9XSh0CZkg/index/cover
,,
东豆川市,0人去过,https://pic.qyer.com/album/user/3628/75/Qk9XSh0CZkk/index/cover
,,
景点,景点热度,图片链接
,,
富川市,0人去过,https://pic.qyer.com/album/user/3628/75/Qk9XSh0CZko/index/cover
,,
利川市,0人去过,https://pic.qyer.com/album/user/3615/28/Qk9URxgPZE4/index/cover
,,
安城市,0人去过,https://static.qyer.com/images/place/no/poi_200_133.png
,,
南杨州市,0人去过,https://pic.qyer.com/album/user/3698/43/Qk9cSh4EYkg/index/cover
,,
乌山,0人去过,https://pic.qyer.com/album/user/3628/75/Qk9XSh0CZk0/index/cover
,,
光明,0人去过,https://pic.qyer.com/album/user/3694/27/Qk9cRhgAYUA/index/cover
,,
镇安郡,0人去过,https://pic.qyer.com/album/user/3630/26/Qk9WQhgBYko/index/cover
,,
庆山市,0人去过,https://pic.qyer.com/album/user/3630/42/Qk9WQh4FYUk/index/cover
,,
槐山郡,0人去过,https://static.qyer.com/images/place/no/poi_200_133.png
,,
燕岐郡,0人去过,https://static.qyer.com/images/place/no/poi_200_133.png
,,
永同郡,0人去过,https://pic.qyer.com/album/user/3630/42/Qk9WQh4FYU8/index/cover
,,
沃川郡,0人去过,https://pic.qyer.com/album/user/3630/42/Qk9WQh4FYkg/index/cover
,,
新安郡,0人去过,https://pic.qyer.com/album/user/3630/42/Qk9WQh4FYkk/index/cover
,,
醴泉,0人去过,https://static.qyer.com/images/place/no/poi_200_133.png
,,
任实郡,0人去过,https://static.qyer.com/images/place/no/poi_200_133.png
,,
景点,景点热度,图片链接
,,
康津郡,0人去过,https://static.qyer.com/images/place/no/poi_200_133.png
,,
灵光郡,0人去过,https://static.qyer.com/images/place/no/poi_200_133.png
,,
义城郡,0人去过,https://static.qyer.com/images/place/no/poi_200_133.png
,,
珍岛郡,0人去过,https://static.qyer.com/images/place/no/poi_200_133.png
,,
谷城郡,0人去过,https://static.qyer.com/images/place/no/poi_200_133.png
,,
淳昌郡,0人去过,https://static.qyer.com/images/place/no/poi_200_133.png
,,
长城郡,0人去过,https://static.qyer.com/images/place/no/poi_200_133.png
,,
青阳郡,0人去过,https://static.qyer.com/images/place/no/poi_200_133.png
,,
论山市,0人去过,https://static.qyer.com/images/place/no/poi_200_133.png
,,
长水郡,0人去过,https://pic.qyer.com/album/user/3630/26/Qk9WQhgBY0w/index/cover
,,
高兴郡,0人去过,https://static.qyer.com/images/place/no/poi_200_133.png
,,
海南郡,0人去过,https://pic.qyer.com/album/user/3630/26/Qk9WQhgBZEA/index/cover
,,
长兴郡,0人去过,https://pic.qyer.com/album/user/3630/41/Qk9WQh4GaEs/index/cover
,,
锦山郡,0人去过,https://pic.qyer.com/album/user/3630/41/Qk9WQh4GaE0/index/cover
,,
舒川郡,0人去过,https://pic.qyer.com/album/user/3630/41/Qk9WQh4GaUg/index/cover
,,
景点,景点热度,图片链接
,,
鸡龙市,0人去过,https://static.qyer.com/images/place/no/poi_200_133.png
,,
洪城郡,0人去过,https://pic.qyer.com/album/user/3630/41/Qk9WQh4GaUw/index/cover
,,
郁陵郡,0人去过,https://pic.qyer.com/album/user/3630/41/Qk9WQh4GaUE/index/cover
,,
英阳郡,0人去过,https://pic.qyer.com/album/user/3630/42/Qk9WQh4FYEg/index/cover
,,
尚州市,0人去过,https://pic.qyer.com/album/user/3630/42/Qk9WQh4FYEk/index/cover
,,
咸安郡,0人去过,https://static.qyer.com/images/place/no/poi_200_133.png
,,
漆谷郡,0人去过,https://pic.qyer.com/album/user/3630/42/Qk9WQh4FYEo/index/cover
,,
清道郡,0人去过,https://pic.qyer.com/album/user/3630/42/Qk9WQh4FYE4/index/cover
,,
金堤市,0人去过,https://static.qyer.com/images/place/no/poi_200_133.png
,,
务安,0人去过,https://pic.qyer.com/album/user/3618/66/Qk9UShwBZkw/index/cover
,,
高阳市,0人去过,https://pic.qyer.com/album/user/3705/32/Qk5VRxkFYEw/index/cover
,,
龟尾市,0人去过,https://pic.qyer.com/album/user/3623/64/Qk9XQRwDaE4/index/cover
,,
军浦市,0人去过,https://pic.qyer.com/album/user/3623/64/Qk9XQRwDaUk/index/cover
,,
华城市,0人去过,https://pic.qyer.com/album/user/3623/65/Qk9XQRwCY04/index/cover
,,
堤川市,0人去过,https://pic.qyer.com/album/user/3623/65/Qk9XQRwCZUE/index/cover
,,
景点,景点热度,图片链接
,,
旌善郡,0人去过,https://pic.qyer.com/album/user/3623/65/Qk9XQRwCZkw/index/cover
,,
闻庆市,0人去过,https://static.qyer.com/images/place/no/poi_200_133.png
,,
南原市,0人去过,https://pic.qyer.com/album/user/3623/67/Qk9XQRwAYUE/index/cover
,,
坡州市,0人去过,https://pic.qyer.com/album/user/3623/67/Qk9XQRwAaE4/index/cover
,,
平泽市,0人去过,https://pic.qyer.com/album/user/3623/68/Qk9XQRwPaUo/index/cover
,,
山清郡,0人去过,https://static.qyer.com/images/place/no/poi_200_133.png
,,
城南市,0人去过,https://pic.qyer.com/album/user/3623/70/Qk9XQR0HYE0/index/cover
,,
始兴市,0人去过,https://pic.qyer.com/album/user/3623/70/Qk9XQR0HYkg/index/cover
,,
顺天市,0人去过,https://static.qyer.com/images/place/no/poi_200_133.png
,,
金浦市,0人去过,https://static.qyer.com/images/place/no/poi_200_133.png
,,
金海市,0人去过,https://pic.qyer.com/album/user/3623/64/Qk9XQRwDZ0A/index/cover
,,
议政府,0人去过,https://pic.qyer.com/album/user/3618/81/Qk9UShIGaE4/index/cover
,,
和顺郡,0人去过,https://static.qyer.com/images/place/no/poi_200_133.png
,,
求礼郡,0人去过,https://pic.qyer.com/album/user/3618/81/Qk9UShIGaEE/index/cover
,,
南海郡,0人去过,https://pic.qyer.com/album/user/3618/97/Qk9UShMAZkA/index/cover
,,
景点,景点热度,图片链接
,,
昌原市,0人去过,https://static.qyer.com/images/place/no/poi_200_133.png
,,
平昌郡,0人去过,https://static.qyer.com/images/place/no/poi_200_133.png
,,
东海市,0人去过,https://static.qyer.com/images/place/no/poi_200_133.png
,,
报恩郡,0人去过,https://pic.qyer.com/album/user/3623/62/Qk9XQRwFZUw/index/cover
,,
保宁市,0人去过,https://pic.qyer.com/album/user/3623/62/Qk9XQRwFZko/index/cover
,,
昌宁郡,0人去过,https://pic.qyer.com/album/user/3623/63/Qk9XQRwEZUo/index/cover
,,
清原郡,0人去过,https://pic.qyer.com/album/user/3623/63/Qk9XQRwEZkk/index/cover
,,
丹阳郡,0人去过,https://pic.qyer.com/album/user/3623/63/Qk9XQRwEaEA/index/cover
,,
巨济市,0人去过,https://static.qyer.com/images/place/no/poi_200_133.png
,,
金泉市,0人去过,https://static.qyer.com/images/place/no/poi_200_133.png
,,
泰安郡,0人去过,https://pic.qyer.com/album/user/3623/70/Qk9XQR0HZk0/index/cover
,,
太白市,0人去过,https://pic.qyer.com/album/user/3623/70/Qk9XQR0HZk8/index/cover
,,
铁原郡,0人去过,https://pic.qyer.com/album/user/3627/26/Qk9XRRgBZ0E/index/cover
,,
华川郡,0人去过,https://static.qyer.com/images/place/no/poi_200_133.png
,,
杨口郡,0人去过,https://pic.qyer.com/album/user/3627/26/Qk9XRRgBaEg/index/cover
